-5.957434698939323425e-02,-2.295606769621372223e-02,7.422938942909240723e-01,9.970203042030334473e-01,6.621063500642776489e-02,3.948971256613731384e-02,-2.689254703000187874e-03,-4.720602929592132568e-01,-1.052630990743637085e-01,2.203941047191619873e-01,4.688265025615692139e-01,-1.112857386469841003e-01,-2.575492020696401596e-03,-1.071070879697799683e-01,-2.078623622655868530e-01,3.083223290741443634e-02,1.295252323150634766e+00,3.678833693265914917e-02,5.679653212428092957e-02,6.362204253673553467e-02,-1.643719524145126343e-01,2.587316632270812988e-01,1.876684427261352539e-01,2.139023393392562866e-01,-1.551766991615295410e-01,1.212045907974243164e+00,9.843249619007110596e-02,3.312238678336143494e-02,2.375031262636184692e-02,-1.728909909725189209e-01,-3.181828856468200684e-01,3.294419646263122559e-01,8.197070360183715820e-01,-1.417193710803985596e-01,-8.790692687034606934e-02,-2.277953550219535828e-02
-1.470632851123809814e-02,-1.625747978687286377e-02,7.536731362342834473e-01,9.967116117477416992e-01,7.325054705142974854e-02,3.463995084166526794e-02,-6.075704004615545273e-04,-3.303345143795013428e-01,-1.523999124765396118e-01,2.109283357858657837e-01,3.651746809482574463e-01,-1.419773995876312256e-01,5.450640339404344559e-03,-2.659741342067718506e-01,-1.426610648632049561e-01,1.043993309140205383e-01,1.404627561569213867e+00,-7.328736782073974609e-02,9.942036867141723633e-02,3.453841805458068848e-02,-1.688698977231979370e-01,2.769707441329956055e-01,1.361633986234664917e-01,2.115210145711898804e-01,-1.514049470424652100e-01,1.188325405120849609e+00,8.987792581319808960e-02,3.509863093495368958e-02,1.998744346201419830e-02,-1.356422603130340576e-01,-2.886864542961120605e-01,3.418659865856170654e-01,8.931881785392761230e-01,-1.553282588720321655e-01,-7.223343104124069214e-02,-4.098293930292129517e-02
4.668787121772766113e-02,-1.036361046135425568e-02,7.655397653579711914e-01,9.975536465644836426e-01,6.433548033237457275e-02,2.717952243983745575e-02,-2.984072547405958176e-03,-1.709624975919723511e-01,-1.574817150831222534e-01,1.858872771263122559e-01,2.463226318359375000e-01,-1.598142236471176147e-01,8.253952488303184509e-03,-3.897784650325775146e-01,-7.339692115783691406e-02,1.292293965816497803e-01,1.376264572143554688e+00,-1.298039406538009644e-01,1.145725920796394348e-01,1.303026732057332993e-02,-1.386521756649017334e-01,2.890139818191528320e-01,9.438343346118927002e-02,2.121496647596359253e-01,-1.295462399721145630e-01,1.131143808364868164e+00,7.107891142368316650e-02,2.568517439067363739e-02,3.314036875963211060e-02,-1.011930853128433228e-01,-2.629809975624084473e-01,3.582973182201385498e-01,9.884564280509948730e-01,-1.688541471958160400e-01,-6.007686257362365723e-02,-3.984628990292549133e-02
1.022574454545974731e-01,-6.186516955494880676e-03,7.721439599990844727e-01,9.984756708145141602e-01,4.954794049263000488e-02,2.327169850468635559e-02,-7.059213705360889435e-03,-2.806113474071025848e-02,-1.409467011690139771e-01,1.642222851514816284e-01,1.421617269515991211e-01,-1.711050122976303101e-01,1.579281501471996307e-02,-4.967032372951507568e-01,-5.175171047449111938e-02,9.928404539823532104e-02,1.247119188308715820e+00,-1.513101160526275635e-01,9.599906206130981445e-02,-8.217286318540573120e-03,-9.793404489755630493e-02,2.928764820098876953e-01,5.419160425662994385e-02,2.194045931100845337e-01,-1.041003316640853882e-01,1.060768127441406250e+00,4.347348213195800781e-02,1.530094444751739502e-02,5.358954146504402161e-02,-6.871914118528366089e-02,-2.453118264675140381e-01,3.714179992675781250e-01,1.084516644477844238e+00,-1.874974071979522705e-01,-4.802938178181648254e-02,-1.886422000825405121e-02
1.559806168079376221e-01,-3.539824858307838440e-03,7.709054350852966309e-01,9.989079833030700684e-01,4.054947942495346069e-02,2.211005054414272308e-02,-7.056945003569126129e-03,6.910249590873718262e-02,-1.297844648361206055e-01,1.525838673114776611e-01,1.173686385154724121e-01,-2.144077420234680176e-01,2.909639663994312286e-02,-5.796989798545837402e-01,-8.410005271434783936e-02,2.679017186164855957e-02,1.052664995193481445e+00,-1.544935405254364014e-01,4.869794473052024841e-02,-3.536232933402061462e-02,-7.330035418272018433e-02,2.950170040130615234e-01,6.843323819339275360e-03,2.442425787448883057e-01,-9.052147716283798218e-02,9.880842566490173340e-01,3.350786119699478149e-02,9.046210907399654388e-03,7.595054060220718384e-02,-3.278392180800437927e-02,-2.346264868974685669e-01,3.736103475093841553e-01,1.151759624481201172e+00,-1.883204728364944458e-01,-3.667658567428588867e-02,-5.153639707714319229e-03
2.104632854461669922e-01,-1.948688179254531860e-03,7.634652853012084961e-01,9.989641308784484863e-01,4.118657484650611877e-02,1.933948881924152374e-02,5.446484428830444813e-04,1.575416624546051025e-01,-1.356680840253829956e-01,1.399983465671539307e-01,1.160522550344467163e-01,-2.623402178287506104e-01,3.884565085172653198e-02,-6.187303662300109863e-01,-1.189784556627273560e-01,-3.671259060502052307e-02,7.919992208480834961e-01,-1.354386806488037109e-01,1.093212049454450607e-02,-6.940821558237075806e-02,-7.471435517072677612e-02,2.995201647281646729e-01,-4.938429966568946838e-02,2.869370281696319580e-01,-8.960356563329696655e-02,9.172369241714477539e-01,4.319664463400840759e-02,2.590334974229335785e-03,9.759481996297836304e-02,9.541520848870277405e-03,-2.221611142158508301e-01,3.629997372627258301e-01,1.184371471405029297e+00,-1.719122231006622314e-01,-3.243359923362731934e-02,-4.861352499574422836e-03
2.658883929252624512e-01,-1.039383001625537872e-03,7.521436810493469238e-01,9.984412193298339844e-01,5.117972567677497864e-02,1.213844958692789078e-02,1.866474375128746033e-02,2.587842047214508057e-01,-1.548299938440322876e-01,1.096518859267234802e-01,1.187678351998329163e-01,-2.999124526977539062e-01,4.799965396523475647e-02,-6.055839061737060547e-01,-1.422975510358810425e-01,-5.196928605437278748e-02,4.759624898433685303e-01,-7.993704080581665039e-02,2.539926208555698395e-02,-1.080212220549583435e-01,-1.007844731211662292e-01,3.012326359748840332e-01,-1.118152514100074768e-01,3.435917496681213379e-01,-1.068709045648574829e-01,8.586592078208923340e-01,4.960000142455101013e-02,-6.372934207320213318e-03,1.190268099308013916e-01,6.355173140764236450e-02,-2.029419243335723877e-01,3.456871509552001953e-01,1.192696571350097656e+00,-1.495907008647918701e-01,-3.158428147435188293e-02,-1.243742648512125015e-02
3.216776847839355469e-01,-1.032037660479545593e-03,7.396333217620849609e-01,9.967852830886840820e-01,6.527997553348541260e-02,2.761971671134233475e-03,4.636737704277038574e-02,3.609910607337951660e-01,-1.691402345895767212e-01,6.122618541121482849e-02,1.219966635107994080e-01,-3.141850829124450684e-01,4.571043699979782104e-02,-5.688459277153015137e-01,-1.741276830434799194e-01,-4.430631548166275024e-02,1.779757887125015259e-01,-1.280776131898164749e-02,7.716610282659530640e-02,-1.544343531131744385e-01,-1.389183402061462402e-01,2.926471531391143799e-01,-1.717066168785095215e-01,3.988096714019775391e-01,-1.279111951589584351e-01,8.074620962142944336e-01,6.087573245167732239e-02,-8.983770385384559631e-03,1.408089250326156616e-01,1.203298866748809814e-01,-1.760436147451400757e-01,3.338164389133453369e-01,1.188714742660522461e+00,-1.318281143903732300e-01,-2.908419072628021240e-02,-1.655353046953678131e-02
3.767825365066528320e-01,-1.339228823781013489e-03,7.280193567276000977e-01,9.947419166564941406e-01,7.410939782857894897e-02,-3.589171217754483223e-03,7.059430330991744995e-02,4.576277434825897217e-01,-1.590475291013717651e-01,2.145439386367797852e-02,1.173499524593353271e-01,-2.884474694728851318e-01,3.098540380597114563e-02,-5.864375829696655273e-01,-2.084970325231552124e-01,-5.260021612048149109e-02,1.239320263266563416e-01,-4.631460085511207581e-02,9.338548779487609863e-02,-1.924962699413299561e-01,-1.662220656871795654e-01,2.771145403385162354e-01,-2.092858999967575073e-01,4.373601078987121582e-01,-1.337099969387054443e-01,7.506114840507507324e-01,9.067723155021667480e-02,-1.149280183017253876e-02,1.634184867143630981e-01,1.635311990976333618e-01,-1.488140821456909180e-01,3.382071852684020996e-01,1.190616607666015625e+00,-1.299877017736434937e-01,-2.506561763584613800e-02,-1.623745076358318329e-02
4.370464086532592773e-01,-2.180494368076324463e-03,7.210240960121154785e-01,9.945985078811645508e-01,7.264337688684463501e-02,-8.499005343765020370e-04,7.413556426763534546e-02,5.061705112457275391e-01,-1.370748132467269897e-01,2.614860422909259796e-02,1.624280959367752075e-01,-2.142229825258255005e-01,1.763366907835006714e-02,-5.750594139099121094e-01,-1.871580481529235840e-01,-6.895069032907485962e-02,1.435840278863906860e-01,-2.653032355010509491e-02,1.489018052816390991e-01,-1.930699050426483154e-01,-1.670464426279067993e-01,2.475556731224060059e-01,-2.123666256666183472e-01,4.596885442733764648e-01,-1.228542998433113098e-01,6.677435040473937988e-01,1.050875484943389893e-01,-8.614555001258850098e-03,1.681577116250991821e-01,1.906426846981048584e-01,-1.266342997550964355e-01,3.714399635791778564e-01,1.204310774803161621e+00,-1.581804752349853516e-01,-2.654415182769298553e-02,-1.059142779558897018e-02
4.968805313110351562e-01,-4.713080823421478271e-03,7.244673967361450195e-01,9.972425699234008789e-01,3.308193013072013855e-02,1.779050193727016449e-02,6.400248408317565918e-02,3.952974379062652588e-01,-4.808764904737472534e-02,2.820098400115966797e-02,4.553549885749816895e-01,-1.365977078676223755e-01,-2.129537239670753479e-02,-6.525643467903137207e-01,-6.773089617490768433e-02,-5.349883064627647400e-02,3.588263690471649170e-01,4.257900267839431763e-02,2.361163869500160217e-02,-1.706975251436233521e-01,-8.332261443138122559e-02,2.105966210365295410e-01,-1.865243315696716309e-01,4.567942321300506592e-01,-8.259455114603042603e-02,6.006985902786254883e-01,9.061249345541000366e-02,-2.715725451707839966e-02,1.766344010829925537e-01,1.919577121734619141e-01,-1.088490411639213562e-01,4.003152251243591309e-01,1.233033299446105957e+00,-1.848468482494354248e-01,-2.622440643608570099e-02,8.945066481828689575e-03
5.564263463020324707e-01,-5.279775708913803101e-03,7.312547564506530762e-01,9.984456896781921387e-01,5.858617834746837616e-03,1.448104996234178543e-02,5.349972099065780640e-02,2.824003100395202637e-01,1.044472306966781616e-02,1.199954189360141754e-02,7.684174180030822754e-01,9.494826942682266235e-02,-8.576782047748565674e-02,-6.183494925498962402e-01,5.007554311305284500e-03,-6.176784634590148926e-02,4.689243435859680176e-01,5.941302329301834106e-02,2.585296705365180969e-02,-1.534988880157470703e-01,-2.680435031652450562e-02,2.111756652593612671e-01,-1.391103565692901611e-01,4.270504117012023926e-01,-4.050733149051666260e-02,5.872917175292968750e-01,7.422913610935211182e-02,-3.515964746475219727e-02,2.032557576894760132e-01,1.714963316917419434e-01,-1.046164706349372864e-01,4.204742908477783203e-01,1.258976459503173828e+00,-2.006829082965850830e-01,-2.340500056743621826e-02,2.177960611879825592e-02
6.138915419578552246e-01,-6.478825584053993225e-03,7.396159172058105469e-01,9.987841248512268066e-01,-9.104920551180839539e-03,6.889584008604288101e-03,4.795744642615318298e-02,1.403026133775711060e-01,4.005332291126251221e-02,-1.274711824953556061e-02,1.059730887413024902e+00,2.559396922588348389e-01,-1.407396644353866577e-01,-5.368797779083251953e-01,4.657143726944923401e-02,-6.905354559421539307e-02,5.219904780387878418e-01,-2.799176983535289764e-02,1.043885573744773865e-02,-1.432470530271530151e-01,1.309765153564512730e-03,2.265740931034088135e-01,-1.054372936487197876e-01,3.860047757625579834e-01,-2.670422755181789398e-02,6.286281347274780273e-01,5.365951731801033020e-02,-3.325919434428215027e-02,2.163023501634597778e-01,1.309656798839569092e-01,-1.075054332613945007e-01,4.306811094284057617e-01,1.265965580940246582e+00,-2.013109624385833740e-01,-2.740212716162204742e-02,1.977686211466789246e-02
6.714987158775329590e-01,-7.264414802193641663e-03,7.511152625083923340e-01,9.986962676048278809e-01,-2.264178544282913208e-02,5.517764016985893250e-03,4.541752114892005920e-02,-1.616904698312282562e-02,2.963644452393054962e-02,-7.589644938707351685e-02,1.255038022994995117e+00,1.413504928350448608e-01,-1.777235716581344604e-01,-4.307550787925720215e-01,8.532404154539108276e-02,-8.665881305932998657e-02,4.814428687095642090e-01,-9.314660727977752686e-02,-1.539344619959592819e-02,-1.270661056041717529e-01,2.383271418511867523e-02,2.334515452384948730e-01,-7.541030645370483398e-02,3.486282229423522949e-01,-4.250166937708854675e-02,6.847607493400573730e-01,5.470836907625198364e-02,-2.598248235881328583e-02,2.011807262897491455e-01,7.267452776432037354e-02,-1.168470904231071472e-01,4.225870966911315918e-01,1.258848547935485840e+00,-2.088193744421005249e-01,-2.812610752880573273e-02,-5.838542710989713669e-03
7.277663946151733398e-01,-6.598085165023803711e-03,7.650845050811767578e-01,9.988458156585693359e-01,-2.286299131810665131e-02,4.529984202235937119e-03,4.199776053428649902e-02,-1.794601678848266602e-01,3.376585990190505981e-02,-7.513784617185592651e-02,1.329752445220947266e+00,3.154455125331878662e-02,-1.387286484241485596e-01,-2.932972013950347900e-01,1.023542732000350952e-01,-7.421444356441497803e-02,3.783192038536071777e-01,-1.259994059801101685e-01,-2.442898042500019073e-02,-1.051918193697929382e-01,1.855921186506748199e-02,2.366021275520324707e-01,-4.135455936193466187e-02,3.149951696395874023e-01,-7.319077849388122559e-02,7.440216541290283203e-01,7.229772955179214478e-02,-2.144692279398441315e-02,1.782171428203582764e-01,1.143614482134580612e-02,-1.293651908636093140e-01,4.044592976570129395e-01,1.233057618141174316e+00,-2.125448286533355713e-01,-2.832424826920032501e-02,-4.424194619059562683e-02
7.819972634315490723e-01,-4.678012803196907043e-03,7.767096757888793945e-01,9.992904663085937500e-01,-1.523821521550416946e-02,1.350602600723505020e-03,3.441569209098815918e-02,-3.194124102592468262e-01,7.775267213582992554e-02,-3.745984518900513649e-03,1.299083471298217773e+00,-6.118898838758468628e-02,-4.362162202596664429e-02,-1.406968533992767334e-01,1.009864136576652527e-01,-4.545124247670173645e-02,2.513815760612487793e-01,-1.429131329059600830e-01,-3.290634229779243469e-02,-7.647388428449630737e-02,-1.825956744141876698e-03,2.407532185316085815e-01,5.430356599390506744e-03,2.864600419998168945e-01,-1.090978011488914490e-01,7.997567653656005859e-01,9.214445948600769043e-02,-1.527352258563041687e-02,1.592764705419540405e-01,-4.712861031293869019e-02,-1.472787261009216309e-01,3.846939206123352051e-01,1.184721469879150391e+00,-2.003860473632812500e-01,-3.477794304490089417e-02,-6.954474002122879028e-02
8.366020917892456055e-01,-2.322034910321235657e-03,7.824113368988037109e-01,9.997522234916687012e-01,-5.104186944663524628e-03,-1.951951649971306324e-03,2.157678082585334778e-02,-4.156487286090850830e-01,1.189801096916198730e-01,9.179186820983886719e-02,1.176650285720825195e+00,-1.296553015708923340e-01,4.358310252428054810e-02,-1.380819361656904221e-02,8.760344982147216797e-02,-1.267692539840936661e-02,1.646737307310104370e-01,-1.667922735214233398e-01,-4.415483027696609497e-02,-4.391178861260414124e-02,-2.439418435096740723e-02,2.455071806907653809e-01,6.105231493711471558e-02,2.624427676200866699e-01,-1.379486620426177979e-01,8.452494144439697266e-01,1.025461331009864807e-01,-1.033454854041337967e-02,1.444740295410156250e-01,-1.058774366974830627e-01,-1.714313179254531860e-01,3.692775666713714600e-01,1.122869372367858887e+00,-1.805271506309509277e-01,-5.144254118204116821e-02,-7.609937340021133423e-02
8.912251591682434082e-01,7.084775716066360474e-04,7.814128398895263672e-01,9.999802708625793457e-01,-3.613925364334136248e-04,-4.324451554566621780e-03,4.540214315056800842e-03,-4.824902117252349854e-01,1.366615891456604004e-01,1.577634066343307495e-01,9.903625845909118652e-01,-1.504050195217132568e-01,7.784445583820343018e-02,7.705852389335632324e-02,7.987335324287414551e-02,1.963860914111137390e-02,1.439913362264633179e-01,-2.106989622116088867e-01,-5.172413587570190430e-02,-8.230270817875862122e-03,-3.294246643781661987e-02,2.517223656177520752e-01,1.196158155798912048e-01,2.433901429176330566e-01,-1.615461111068725586e-01,8.789723515510559082e-01,1.040788814425468445e-01,-1.075472123920917511e-02,1.337318867444992065e-01,-1.694565564393997192e-01,-2.049350291490554810e-01,3.611138463020324707e-01,1.058851718902587891e+00,-1.625090241432189941e-01,-7.196024805307388306e-02,-7.378337532281875610e-02
9.443717002868652344e-01,3.958346322178840637e-03,7.748993635177612305e-01,9.998279809951782227e-01,-5.218492355197668076e-03,-9.039867669343948364e-03,-1.533136703073978424e-02,-5.218767523765563965e-01,1.462535709142684937e-01,1.871443539857864380e-01,7.465490698814392090e-01,-1.482710838317871094e-01,5.718500539660453796e-02,1.646867990493774414e-01,8.790735155344009399e-02,5.012233927845954895e-02,1.417879015207290649e-01,-2.591592967510223389e-01,-5.363361537456512451e-02,2.702091261744499207e-02,-2.006552182137966156e-02,2.612426877021789551e-01,1.755909323692321777e-01,2.302388250827789307e-01,-1.883101165294647217e-01,9.120972156524658203e-01,1.046227887272834778e-01,-1.171084586530923843e-02,1.196011751890182495e-01,-2.413389980792999268e-01,-2.489558011293411255e-01,3.564247190952301025e-01,9.971984624862670898e-01,-1.513856947422027588e-01,-8.613783121109008789e-02,-6.946168839931488037e-02
9.973713755607604980e-01,7.195461541414260864e-03,7.629205584526062012e-01,9.991069436073303223e-01,-1.718318648636341095e-02,-1.697659492492675781e-02,-3.466779366135597229e-02,-5.104797482490539551e-01,1.629252731800079346e-01,2.248617857694625854e-01,4.323505461215972900e-01,-1.442833840847015381e-01,4.359846469014883041e-03,2.650360167026519775e-01,1.041377186775207520e-01,8.082496374845504761e-02,1.398372948169708252e-01,-3.056968450546264648e-01,-5.873452872037887573e-02,5.811447277665138245e-02,8.123702369630336761e-03,2.730075418949127197e-01,2.271394729614257812e-01,2.211630642414093018e-01,-2.181830704212188721e-01,9.523168206214904785e-01,1.052809581160545349e-01,-7.868476212024688721e-03,1.063486188650131226e-01,-3.151124715805053711e-01,-2.989616990089416504e-01,3.602488934993743896e-01,9.418027400970458984e-01,-1.393348574638366699e-01,-8.881268650293350220e-02,-6.286460161209106445e-02
1.053984403610229492e+00,1.055263727903366089e-02,7.479354739189147949e-01,9.974257349967956543e-01,-3.623517230153083801e-02,-2.818860113620758057e-02,-5.508380383253097534e-02,-4.639192223548889160e-01,2.011195719242095947e-01,2.796808183193206787e-01,1.318991929292678833e-01,-1.267692893743515015e-01,-8.073612302541732788e-02,3.773805499076843262e-01,1.248484253883361816e-01,1.171711161732673645e-01,1.328249573707580566e-01,-3.372030258178710938e-01,-6.216549873352050781e-02,9.063084423542022705e-02,5.155717581510543823e-02,2.868329882621765137e-01,2.624205648899078369e-01,2.117951363325119019e-01,-2.374982535839080811e-01,9.955947399139404297e-01,1.016350984573364258e-01,2.639685699250549078e-04,9.451232850551605225e-02,-3.820194900035858154e-01,-3.512180745601654053e-01,3.733640313148498535e-01,9.016364216804504395e-01,-1.377855986356735229e-01,-8.273240923881530762e-02,-6.191548332571983337e-02
1.113634228706359863e+00,1.404163427650928497e-02,7.343100905418395996e-01,9.956761598587036133e-01,-5.236895009875297546e-02,-3.364778682589530945e-02,-6.895103305578231812e-02,-4.973632395267486572e-01,2.385125607252120972e-01,2.789843380451202393e-01,1.107675358653068542e-01,-1.667547523975372314e-01,-1.269852370023727417e-01,4.798743426799774170e-01,1.291439831256866455e-01,1.438065916299819946e-01,1.269885599613189697e-01,-3.221477866172790527e-01,-6.172167137265205383e-02,1.101051568984985352e-01,8.663816004991531372e-02,2.894530296325683594e-01,2.973540425300598145e-01,1.989704519510269165e-01,-2.364514917135238647e-01,1.042303800582885742e+00,8.692456781864166260e-02,6.264836061745882034e-03,8.732956647872924805e-02,-4.249872863292694092e-01,-3.973557651042938232e-01,3.772097527980804443e-01,8.700160384178161621e-01,-1.409545689821243286e-01,-7.570342719554901123e-02,-6.291755288839340210e-02
1.180328845977783203e+00,1.732972636818885803e-02,7.259336709976196289e-01,9.964870214462280273e-01,-4.381581395864486694e-02,-2.595974318683147430e-02,-6.648159027099609375e-02,-4.813586771488189697e-01,1.911997497081756592e-01,2.997387349605560303e-01,1.105652675032615662e-01,-1.520671695470809937e-01,-1.104195415973663330e-01,5.081239342689514160e-01,1.017598882317543030e-01,1.415701657533645630e-01,2.134024500846862793e-01,-2.774678766727447510e-01,-4.422606527805328369e-02,1.130983605980873108e-01,7.015392184257507324e-02,2.687661647796630859e-01,3.182652890682220459e-01,1.821899712085723877e-01,-2.177717387676239014e-01,1.091843247413635254e+00,6.912186741828918457e-02,1.896190270781517029e-02,8.552815020084381104e-02,-4.136680960655212402e-01,-4.378955662250518799e-01,3.595197200775146484e-01,8.277460932731628418e-01,-1.572576463222503662e-01,-7.234302908182144165e-02,-6.328848004341125488e-02
1.242364525794982910e+00,2.157035097479820251e-02,7.263480424880981445e-01,9.983404874801635742e-01,-9.419369511306285858e-03,-4.275857470929622650e-03,-5.665089935064315796e-02,-5.064286589622497559e-01,8.051837235689163208e-02,2.853760123252868652e-01,1.996111273765563965e-01,-5.792055651545524597e-02,-2.621614746749401093e-02,4.133472740650177002e-01,3.960155695676803589e-02,1.273305863142013550e-01,4.694440960884094238e-01,-1.839572489261627197e-01,-4.846237134188413620e-03,1.093051731586456299e-01,-6.484155310317873955e-04,2.253405898809432983e-01,3.284854888916015625e-01,1.671911925077438354e-01,-2.019670754671096802e-01,1.133822083473205566e+00,6.371458619832992554e-02,3.045769408345222473e-02,6.767755001783370972e-02,-3.542048037052154541e-01,-4.598538279533386230e-01,3.202083408832550049e-01,7.838044762611389160e-01,-1.875883489847183228e-01,-7.203467190265655518e-02,-6.582340598106384277e-02
1.304223060607910156e+00,2.511514350771903992e-02,7.302579283714294434e-01,9.989285469055175781e-01,1.848587580025196075e-02,5.589415784925222397e-03,-4.205722734332084656e-02,-5.256944298744201660e-01,2.090749330818653107e-04,2.558467984199523926e-01,3.406901061534881592e-01,2.892984822392463684e-02,1.626755855977535248e-02,3.046395182609558105e-01,-9.124599397182464600e-03,1.135282441973686218e-01,7.438861727714538574e-01,2.063654735684394836e-02,4.524281620979309082e-02,9.637121111154556274e-02,-5.830285698175430298e-02,2.060983628034591675e-01,3.204402327537536621e-01,1.642559915781021118e-01,-2.015160918235778809e-01,1.157712697982788086e+00,6.175611540675163269e-02,3.724257275462150574e-02,4.871082678437232971e-02,-2.655864655971527100e-01,-4.500132799148559570e-01,2.759680747985839844e-01,7.644457817077636719e-01,-1.988849639892578125e-01,-7.671020179986953735e-02,-8.211590349674224854e-02
1.363779425621032715e+00,2.873159945011138916e-02,7.373687028884887695e-01,9.989754557609558105e-01,3.709242492914199829e-02,3.084153635427355766e-03,-2.574015595018863678e-02,-4.830646812915802002e-01,-5.812336131930351257e-02,2.429179847240447998e-01,4.263888001441955566e-01,-1.384953939123079181e-04,3.930842876434326172e-02,1.689587533473968506e-01,-2.353013679385185242e-02,1.194688677787780762e-01,1.023848056793212891e+00,2.092865705490112305e-01,1.261818557977676392e-01,7.132369279861450195e-02,-9.649780392646789551e-02,2.164493799209594727e-01,2.894458770751953125e-01,1.746588945388793945e-01,-2.147530615329742432e-01,1.164742469787597656e+00,6.020369753241539001e-02,3.721084818243980408e-02,1.920510083436965942e-02,-1.959920972585678101e-01,-4.112349450588226318e-01,2.479866296052932739e-01,7.963491082191467285e-01,-2.002147287130355835e-01,-7.192096114158630371e-02,-9.632962942123413086e-02
1.418775916099548340e+00,3.185441717505455017e-02,7.476399540901184082e-01,9.984790682792663574e-01,5.199090018868446350e-02,3.665152005851268768e-03,-1.797334477305412292e-02,-3.911488652229309082e-01,-1.169696450233459473e-01,2.364805191755294800e-01,3.964531123638153076e-01,-5.844664201140403748e-02,4.816712811589241028e-02,-1.112756552174687386e-03,-1.086128223687410355e-02,1.511206030845642090e-01,1.244570732116699219e+00,1.184530332684516907e-01,1.566992849111557007e-01,4.713850840926170349e-02,-1.266796588897705078e-01,2.275910824537277222e-01,2.497076988220214844e-01,1.904037743806838989e-01,-2.230175137519836426e-01,1.140784740447998047e+00,6.600241363048553467e-02,3.182283416390419006e-02,6.911556702107191086e-03,-1.522560119628906250e-01,-3.593377172946929932e-01,2.515495717525482178e-01,8.682670593261718750e-01,-2.223362624645233154e-01,-5.577447637915611267e-02,-9.712227433919906616e-02
1.473269939422607422e+00,3.441740199923515320e-02,7.606025338172912598e-01,9.984951019287109375e-01,5.238527804613113403e-02,1.246004831045866013e-03,-1.617846451699733734e-02,-2.558113932609558105e-01,-1.440597921609878540e-01,2.195970714092254639e-01,3.050280511379241943e-01,-1.008885130286216736e-01,4.809647426009178162e-02,-1.603343486785888672e-01,-7.423443254083395004e-03,1.549939215183258057e-01,1.335738658905029297e+00,-1.399231608957052231e-02,1.184651404619216919e-01,2.300305292010307312e-02,-1.243776753544807434e-01,2.370852530002593994e-01,2.072994709014892578e-01,2.018166184425354004e-01,-2.048502564430236816e-01,1.093211054801940918e+00,7.120667397975921631e-02,2.162456884980201721e-02,2.241206727921962738e-02,-1.104982495307922363e-01,-3.066213130950927734e-01,2.828368246555328369e-01,9.632402062416076660e-01,-2.386772334575653076e-01,-3.676791861653327942e-02,-7.612882554531097412e-02
1.527584552764892578e+00,3.591622039675712585e-02,7.715708613395690918e-01,9.989537000656127930e-01,4.333280026912689209e-02,-3.633959451690316200e-03,-1.416413579136133194e-02,-1.013141125440597534e-01,-1.457639932632446289e-01,1.925171613693237305e-01,1.913164705038070679e-01,-1.228899359703063965e-01,5.014628544449806213e-02,-2.963244915008544922e-01,-2.571836486458778381e-02,1.160691380500793457e-01,1.305151700973510742e+00,-1.223609372973442078e-01,5.678588524460792542e-02,-2.831606892868876457e-03,-1.021395102143287659e-01,2.440201938152313232e-01,1.643508225679397583e-01,2.115616053342819214e-01,-1.700516641139984131e-01,1.032487869262695312e+00,6.472903490066528320e-02,1.222040504217147827e-02,5.014764890074729919e-02,-6.160497292876243591e-02,-2.607071697711944580e-01,3.360854983329772949e-01,1.053370952606201172e+00,-2.613615095615386963e-01,-2.326840348541736603e-02,-2.602316625416278839e-02
1.582924365997314453e+00,3.629059717059135437e-02,7.765872478485107422e-01,9.994353652000427246e-01,3.152482211589813232e-02,-6.912552751600742340e-03,-9.341054596006870270e-03,2.602057345211505890e-02,-1.329732984304428101e-01,1.621040403842926025e-01,1.222004741430282593e-01,-1.552578061819076538e-01,5.664717033505439758e-02,-4.011445045471191406e-01,-4.746754840016365051e-02,5.853745713829994202e-02,1.172273278236389160e+00,-1.816011518239974976e-01,1.191293075680732727e-02,-3.140113130211830139e-02,-7.650256156921386719e-02,2.457383126020431519e-01,1.200607195496559143e-01,2.267398834228515625e-01,-1.335625499486923218e-01,9.624672532081604004e-01,5.296432226896286011e-02,9.149232879281044006e-03,7.054518908262252808e-02,-5.668326281011104584e-03,-2.255559712648391724e-01,3.934146761894226074e-01,1.112385869026184082e+00,-2.978214621543884277e-01,-1.696491241455078125e-02,3.670616075396537781e-02
1.638849973678588867e+00,3.623274341225624084e-02,7.746130228042602539e-01,9.995846748352050781e-01,2.757018245756626129e-02,-8.321927860379219055e-03,-1.048534293659031391e-03,1.156101226806640625e-01,-1.297961622476577759e-01,1.406528204679489136e-01,1.133823469281196594e-01,-2.062695771455764771e-01,6.709363311529159546e-02,-4.774164557456970215e-01,-8.555480837821960449e-02,-5.747800227254629135e-03,9.698036909103393555e-01,-1.958003938198089600e-01,-1.697274483740329742e-02,-6.460705399513244629e-02,-7.004212588071823120e-02,2.459620237350463867e-01,6.672848016023635864e-02,2.530899643898010254e-01,-1.074456125497817993e-01,8.891069889068603516e-01,5.378067493438720703e-02,9.207546710968017578e-03,8.773697912693023682e-02,5.460621044039726257e-02,-2.005486339330673218e-01,4.346636235713958740e-01,1.136231422424316406e+00,-3.248563706874847412e-01,-1.992251165211200714e-02,8.008611202239990234e-02
1.695446491241455078e+00,3.599226474761962891e-02,7.668963074684143066e-01,9.993223547935485840e-01,3.300934657454490662e-02,-1.077939290553331375e-02,1.220870763063430786e-02,2.046079635620117188e-01,-1.421338319778442383e-01,1.184478029608726501e-01,1.130450889468193054e-01,-2.565039694309234619e-01,7.783941924571990967e-02,-5.147801041603088379e-01,-1.233803704380989075e-01,-5.868275836110115051e-02,7.115302681922912598e-01,-1.711209714412689209e-01,-1.770594902336597443e-02,-1.003167256712913513e-01,-8.620209991931915283e-02,2.459386736154556274e-01,3.664421616122126579e-03,2.913763225078582764e-01,-9.012629091739654541e-02,8.217185139656066895e-01,5.048138275742530823e-02,6.367774214595556259e-03,1.026477888226509094e-01,1.166402399539947510e-01,-1.779269278049468994e-01,4.503596425056457520e-01,1.144891023635864258e+00,-3.305425345897674561e-01,-2.197729423642158508e-02,9.226894378662109375e-02
1.751036643981933594e+00,3.535013645887374878e-02,7.555698752403259277e-01,9.984757304191589355e-01,4.265884310007095337e-02,-1.409707404673099518e-02,3.205868974328041077e-02,2.968476414680480957e-01,-1.570121347904205322e-01,8.223744481801986694e-02,1.187975332140922546e-01,-3.019430339336395264e-01,7.738782465457916260e-02,-5.181594491004943848e-01,-1.480064988136291504e-01,-7.783199846744537354e-02,4.189224541187286377e-01,-1.122041121125221252e-01,1.013562921434640884e-02,-1.396392732858657837e-01,-1.128100156784057617e-01,2.425333261489868164e-01,-6.262972205877304077e-02,3.324623405933380127e-01,-8.003673702478408813e-02,7.615519762039184570e-01,4.571034386754035950e-02,-3.625021781772375107e-03,1.196481436491012573e-01,1.771083325147628784e-01,-1.517368406057357788e-01,4.389483034610748291e-01,1.150202274322509766e+00,-3.127425014972686768e-01,-2.342867478728294373e-02,9.003299474716186523e-02
1.809086441993713379e+00,3.452095389366149902e-02,7.430685162544250488e-01,9.967916607856750488e-01,5.343750491738319397e-02,-1.916396804153919220e-02,5.642354488372802734e-02,3.903073668479919434e-01,-1.626230925321578979e-01,3.827260434627532959e-02,1.250127851963043213e-01,-3.259643316268920898e-01,6.710278242826461792e-02,-5.012338161468505859e-01,-1.754628270864486694e-01,-9.443994611501693726e-02,1.603375375270843506e-01,-5.320611968636512756e-02,5.849317461252212524e-02,-1.822226345539093018e-01,-1.421043574810028076e-01,2.343882322311401367e-01,-1.199228763580322266e-01,3.670452833175659180e-01,-6.993427127599716187e-02,7.015617489814758301e-01,4.890597239136695862e-02,-7.620126474648714066e-03,1.408982723951339722e-01,2.282857298851013184e-01,-1.225553527474403381e-01,4.093121886253356934e-01,1.156829118728637695e+00,-2.718952000141143799e-01,-2.056823857128620148e-02,7.930036634206771851e-02
1.869849205017089844e+00,3.411144763231277466e-02,7.317184805870056152e-01,9.951556921005249023e-01,6.162228435277938843e-02,-2.217322029173374176e-02,7.332277297973632812e-02,4.833483397960662842e-01,-1.539491862058639526e-01,8.054530248045921326e-03,1.190196052193641663e-01,-3.010012805461883545e-01,4.576998203992843628e-02,-5.224746465682983398e-01,-1.966263502836227417e-01,-9.848429262638092041e-02,1.155538260936737061e-01,-8.645869791507720947e-02,9.441707283258438110e-02,-2.142322063446044922e-01,-1.631203889846801758e-01,2.218020111322402954e-01,-1.489859968423843384e-01,3.878848850727081299e-01,-5.128885433077812195e-02,6.356382369995117188e-01,6.241915747523307800e-02,-1.063491962850093842e-02,1.616859883069992065e-01,2.578532695770263672e-01,-1.003253608942031860e-01,3.743122518062591553e-01,1.169330120086669922e+00,-2.244868874549865723e-01,-1.688829995691776276e-02,6.036372482776641846e-02
1.932558536529541016e+00,3.358473256230354309e-02,7.243179678916931152e-01,9.957140088081359863e-01,6.025507673621177673e-02,-1.583972759544849396e-02,6.835238635540008545e-02,5.291085243225097656e-01,-1.372023820877075195e-01,1.669818349182605743e-02,1.564887017011642456e-01,-2.238230556249618530e-01,2.013496123254299164e-02,-5.127480030059814453e-01,-1.615028828382492065e-01,-9.596156328916549683e-02,1.245263144373893738e-01,-5.783294886350631714e-02,1.379620283842086792e-01,-2.067540735006332397e-01,-1.587518155574798584e-01,1.953910440206527710e-01,-1.480216383934020996e-01,4.007771313190460205e-01,-3.769055381417274475e-02,5.625707507133483887e-01,6.769963353872299194e-02,-7.388494443148374557e-03,1.589226424694061279e-01,2.648534178733825684e-01,-8.791518211364746094e-02,3.487057089805603027e-01,1.184970617294311523e+00,-1.928820013999938965e-01,-1.903816871345043182e-02,3.441003337502479553e-02
1.994280815124511719e+00,3.121627122163772583e-02,7.268000245094299316e-01,9.982370138168334961e-01,2.574009634554386139e-02,6.324346177279949188e-03,5.310734733939170837e-02,4.144971370697021484e-01,-6.531555950641632080e-02,1.826613768935203552e-02,4.408692419528961182e-01,-1.511493921279907227e-01,-2.776821330189704895e-02,-5.822618603706359863e-01,-4.663536697626113892e-02,-7.139686495065689087e-02,2.897305488586425781e-01,7.126076519489288330e-02,4.020846262574195862e-02,-1.799611151218414307e-01,-8.136021345853805542e-02,1.590609848499298096e-01,-1.203110516071319580e-01,4.033479690551757812e-01,-1.127649471163749695e-02,5.122647285461425781e-01,6.583937257528305054e-02,-2.212028391659259796e-02,1.575920283794403076e-01,2.460723966360092163e-01,-7.726167887449264526e-02,3.216337859630584717e-01,1.208000779151916504e+00,-1.659162640571594238e-01,-1.713432371616363525e-02,2.158060297369956970e-02
2.055916786193847656e+00,3.007398359477519989e-02,7.306921482086181641e-01,9.991984367370605469e-01,-1.406351453624665737e-03,3.860953263938426971e-03,3.982078284025192261e-02,3.044810593128204346e-01,-1.122050452977418900e-02,-8.192415349185466766e-03,7.542801499366760254e-01,7.722066342830657959e-02,-1.201513037085533142e-01,-5.778074264526367188e-01,3.039004094898700714e-02,-6.780717521905899048e-02,4.476914107799530029e-01,8.360557258129119873e-02,1.251292880624532700e-02,-1.616027206182479858e-01,-2.498112805187702179e-02,1.711225360631942749e-01,-7.202170789241790771e-02,3.882076442241668701e-01,1.942203938961029053e-02,5.157767534255981445e-01,7.191307097673416138e-02,-3.321200236678123474e-02,1.767151802778244019e-01,2.040958553552627563e-01,-7.996404170989990234e-02,3.040764927864074707e-01,1.228160142898559570e+00,-1.449935436248779297e-01,-1.595300808548927307e-02,9.574036113917827606e-03
2.114521026611328125e+00,2.880531363189220428e-02,7.373130917549133301e-01,9.993210434913635254e-01,-1.624605059623718262e-02,-6.576332729309797287e-03,3.240801766514778137e-02,1.686369180679321289e-01,5.032541230320930481e-04,-5.894700437784194946e-02,1.048915028572082520e+00,2.706009745597839355e-01,-1.888118833303451538e-01,-5.068762898445129395e-01,7.075684517621994019e-02,-7.888127118349075317e-02,5.322708487510681152e-01,-3.664460778236389160e-02,-2.031905762851238251e-02,-1.468134075403213501e-01,4.141750978305935860e-04,2.080279439687728882e-01,-3.974117711186408997e-02,3.615935742855072021e-01,2.324184030294418335e-02,5.771589279174804688e-01,7.535037398338317871e-02,-2.446529455482959747e-02,1.840566843748092651e-01,1.367262750864028931e-01,-8.833865076303482056e-02,3.169263899326324463e-01,1.240443825721740723e+00,-1.348725557327270508e-01,-2.023564465343952179e-02,9.462599642574787140e-03
2.169787883758544922e+00,2.775763906538486481e-02,7.480432987213134766e-01,9.989559650421142578e-01,-3.031391091644763947e-02,-1.138578914105892181e-02,3.222491964697837830e-02,1.664993725717067719e-02,-1.226459164172410965e-02,-1.360137760639190674e-01,1.265953540802001953e+00,1.608986258506774902e-01,-2.209040969610214233e-01,-3.933663964271545410e-01,1.078376770019531250e-01,-9.405256807804107666e-02,4.928362071514129639e-01,-1.092846915125846863e-01,-3.424886241555213928e-02,-1.294106692075729370e-01,2.145591378211975098e-02,2.330259829759597778e-01,-1.709385961294174194e-02,3.361083567142486572e-01,-4.889991600066423416e-03,6.663178801536560059e-01,8.350209891796112061e-02,-3.291596192866563797e-03,1.619971692562103271e-01,5.435800552368164062e-02,-1.040757820010185242e-01,3.359839618206024170e-01,1.234358906745910645e+00,-1.607571840286254883e-01,-2.224573120474815369e-02,2.482997660990804434e-04
2.223365783691406250e+00,2.809817157685756683e-02,7.621695399284362793e-01,9.988464713096618652e-01,-3.453937545418739319e-02,-1.454868353903293610e-02,3.001840785145759583e-02,-1.505052298307418823e-01,1.775022596120834351e-02,-1.381759196519851685e-01,1.358696818351745605e+00,3.269121795892715454e-02,-1.763149648904800415e-01,-2.428999394178390503e-01,1.328605562448501587e-01,-8.492360264062881470e-02,3.764694631099700928e-01,-1.413979530334472656e-01,-3.885076195001602173e-02,-1.027476489543914795e-01,2.583582699298858643e-02,2.467089444398880005e-01,1.204439904540777206e-02,3.135582208633422852e-01,-5.582603812217712402e-02,7.587334513664245605e-01,1.048888862133026123e-01,1.838372275233268738e-02,1.245389357209205627e-01,-2.224678732454776764e-02,-1.266929656267166138e-01,3.475027680397033691e-01,1.208831548690795898e+00,-1.802300810813903809e-01,-2.350722998380661011e-02,-1.478020288050174713e-02
2.276911973953247070e+00,2.988893724977970123e-02,7.744069695472717285e-01,9.992614388465881348e-01,-2.423650585114955902e-02,-1.691587828099727631e-02,2.455555461347103119e-02,-2.968828678131103516e-01,7.273755967617034912e-02,-5.809731036424636841e-02,1.329642891883850098e+00,-7.063094526529312134e-02,-6.441985815763473511e-02,-8.640696853399276733e-02,1.229730769991874695e-01,-5.293083563446998596e-02,2.452201545238494873e-01,-1.596052199602127075e-01,-3.551913797855377197e-02,-6.923376023769378662e-02,3.841626690700650215e-03,2.503353357315063477e-01,5.888930708169937134e-02,2.972514629364013672e-01,-1.218322962522506714e-01,8.292694091796875000e-01,1.373407989740371704e-01,2.975474111735820770e-02,9.108150005340576172e-02,-8.713900297880172729e-02,-1.541319787502288818e-01,3.455185890197753906e-01,1.158593416213989258e+00,-1.651203185319900513e-01,-3.349426761269569397e-02,-2.494012191891670227e-02
2.331831216812133789e+00,3.211478143930435181e-02,7.801327109336853027e-01,9.997039437294006348e-01,-1.174397021532058716e-02,-1.655371300876140594e-02,1.341822277754545212e-02,-3.991621434688568115e-01,1.194436326622962952e-01,4.947257041931152344e-02,1.206211686134338379e+00,-1.495760381221771240e-01,3.023680485785007477e-02,3.504790365695953369e-02,1.020077690482139587e-01,-1.945527642965316772e-02,1.552957743406295776e-01,-1.798520833253860474e-01,-3.944814577698707581e-02,-3.077815659344196320e-02,-1.920125447213649750e-02,2.471096664667129517e-01,1.193735152482986450e-01,2.835167348384857178e-01,-1.714723557233810425e-01,8.673177361488342285e-01,1.583436429500579834e-01,2.682588621973991394e-02,7.268483936786651611e-02,-1.472751796245574951e-01,-1.889764070510864258e-01,3.402787446975708008e-01,1.093539953231811523e+00,-1.379309743642807007e-01,-5.242914333939552307e-02,-2.419176883995532990e-02
2.387604475021362305e+00,3.557626157999038696e-02,7.786856293678283691e-01,9.998617172241210938e-01,-6.433538161218166351e-03,-1.490561943501234055e-02,-3.595874179154634476e-03,-4.677461087703704834e-01,1.513737887144088745e-01,1.445389688014984131e-01,1.016715526580810547e+00,-1.805351376533508301e-01,7.116113603115081787e-02,1.190961077809333801e-01,9.078150987625122070e-02,1.259011123329401016e-02,1.345285475254058838e-01,-2.211617827415466309e-01,-4.579351842403411865e-02,1.222821231931447983e-02,-2.415399625897407532e-02,2.437721192836761475e-01,1.874240040779113770e-01,2.691147327423095703e-01,-1.961601078510284424e-01,8.854101896286010742e-01,1.549345701932907104e-01,1.421309448778629303e-02,7.006935775279998779e-02,-2.118022590875625610e-01,-2.370538115501403809e-01,3.384212255477905273e-01,1.028132200241088867e+00,-1.127498000860214233e-01,-7.016896456480026245e-02,-2.052550949156284332e-02
2.442856073379516602e+00,3.985928744077682495e-02,7.716425657272338867e-01,9.995969533920288086e-01,-9.079889394342899323e-03,-1.455602981150150299e-02,-2.261929586529731750e-02,-5.018901824951171875e-01,1.683395802974700928e-01,2.151173204183578491e-01,7.583094239234924316e-01,-1.704843938350677490e-01,5.486400425434112549e-02,1.989368796348571777e-01,9.035488963127136230e-02,4.248597472906112671e-02,1.327176392078399658e-01,-2.693652808666229248e-01,-5.034720525145530701e-02,5.175265297293663025e-02,-1.107378117740154266e-02,2.429235726594924927e-01,2.551934719085693359e-01,2.521112263202667236e-01,-2.032549977302551270e-01,9.063065052032470703e-01,1.325244754552841187e-01,1.707096118479967117e-03,7.715165615081787109e-02,-2.846431732177734375e-01,-2.955217659473419189e-01,3.367578685283660889e-01,9.741337299346923828e-01,-9.729848802089691162e-02,-8.281844854354858398e-02,-2.439530566334724426e-02
2.498462438583374023e+00,4.409893602132797241e-02,7.594885230064392090e-01,9.987670183181762695e-01,-1.925532519817352295e-02,-1.826689392328262329e-02,-4.195241630077362061e-02,-4.865168631076812744e-01,1.807829290628433228e-01,2.867802083492279053e-01,4.269326925277709961e-01,-1.434140503406524658e-01,2.663853345438838005e-03,2.897596955299377441e-01,1.003503277897834778e-01,7.590640336275100708e-02,1.306848526000976562e-01,-3.160256743431091309e-01,-5.254864320158958435e-02,8.699492365121841431e-02,1.891016773879528046e-02,2.474114000797271729e-01,3.162257373332977295e-01,2.333134859800338745e-01,-2.019538432359695435e-01,9.422104358673095703e-01,9.858842939138412476e-02,-2.279075793921947479e-03,8.111242204904556274e-02,-3.620071113109588623e-01,-3.547765314579010010e-01,3.395276665687561035e-01,9.380232095718383789e-01,-9.279948472976684570e-02,-8.576686680316925049e-02,-4.168314114212989807e-02
2.557584285736083984e+00,4.793868213891983032e-02,7.445434927940368652e-01,9.972295165061950684e-01,-3.499198332428932190e-02,-2.510487847030162811e-02,-6.065212935209274292e-02,-4.473627209663391113e-01,1.971482485532760620e-01,3.454486131668090820e-01,1.328587681055068970e-01,-1.124059557914733887e-01,-6.834337115287780762e-02,3.912215530872344971e-01,1.106603816151618958e-01,1.109566316008567810e-01,1.240123137831687927e-01,-3.424511551856994629e-01,-5.322862043976783752e-02,1.203821226954460144e-01,6.167571619153022766e-02,2.521757781505584717e-01,3.588821887969970703e-01,2.098575532436370850e-01,-1.941317915916442871e-01,9.924635887145996094e-01,6.115381047129631042e-02,2.286812989041209221e-03,8.097591996192932129e-02,-4.228948652744293213e-01,-4.087779223918914795e-01,3.485230505466461182e-01,9.166454672813415527e-01,-1.156510934233665466e-01,-8.148016780614852905e-02,-6.453376263380050659e-02
2.619155883789062500e+00,5.198505893349647522e-02,7.312250733375549316e-01,9.958508610725402832e-01,-4.894634708762168884e-02,-2.805832959711551666e-02,-7.140074670314788818e-02,-4.755789935588836670e-01,2.181889116764068604e-01,3.334920704364776611e-01,1.039576530456542969e-01,-1.451399624347686768e-01,-1.063176542520523071e-01,4.881750941276550293e-01,1.089793741703033447e-01,1.304994076490402222e-01,1.178976148366928101e-01,-3.139519393444061279e-01,-4.815208539366722107e-02,1.337564587593078613e-01,9.779389947652816772e-02,2.462100684642791748e-01,3.951995670795440674e-01,1.844781637191772461e-01,-1.809638440608978271e-01,1.050594329833984375e+00,3.254838287830352783e-02,1.209779269993305206e-02,6.922338902950286865e-02,-4.499726593494415283e-01,-4.491181075572967529e-01,3.451682031154632568e-01,8.988847732543945312e-01,-1.492082178592681885e-01,-7.125104963779449463e-02,-8.365800976753234863e-02
2.683138132095336914e+00,5.715955048799514771e-02,7.247238159179687500e-01,9.972448348999023438e-01,-3.538378700613975525e-02,-1.734528504312038422e-02,-6.284826248884201050e-02,-4.607681035995483398e-01,1.532931327819824219e-01,3.353318572044372559e-01,1.097130775451660156e-01,-9.228131175041198730e-02,-6.581004709005355835e-02,4.958346188068389893e-01,7.760822772979736328e-02,1.158238798379898071e-01,2.303895801305770874e-01,-2.524842321872711182e-01,-1.780443824827671051e-02,1.259192824363708496e-01,7.240711152553558350e-02,2.201021909713745117e-01,4.073050022125244141e-01,1.619863361120223999e-01,-1.625307947397232056e-01,1.116397261619567871e+00,1.485486514866352081e-02,3.042750060558319092e-02,5.713482946157455444e-02,-4.161779284477233887e-01,-4.749615788459777832e-01,3.150330483913421631e-01,8.660907745361328125e-01,-1.960797309875488281e-01,-6.109293550252914429e-02,-9.357328712940216064e-02
2.747346162796020508e+00,6.128061562776565552e-02,7.273980379104614258e-01,9.989045262336730957e-01,-4.774298577103763819e-04,3.709879936650395393e-03,-4.664510115981101990e-02,-5.439053177833557129e-01,5.378534644842147827e-02,2.860310375690460205e-01,2.950709462165832520e-01,1.092756167054176331e-02,4.502808675169944763e-02,3.764516413211822510e-01,1.849124766886234283e-02,9.853660315275192261e-02,5.248968005180358887e-01,-1.113402619957923889e-01,3.454917296767234802e-02,1.087214723229408264e-01,-1.678263535723090172e-03,1.843330562114715576e-01,4.002018272876739502e-01,1.485659480094909668e-01,-1.646784394979476929e-01,1.174157023429870605e+00,2.086482942104339600e-02,4.715611040592193604e-02,2.580074593424797058e-02,-3.411173820495605469e-01,-4.726498723030090332e-01,2.616332769393920898e-01,8.426393866539001465e-01,-2.352660894393920898e-01,-5.411172658205032349e-02,-1.039011254906654358e-01
2.808760881423950195e+00,6.473419815301895142e-02,7.335807681083679199e-01,9.993327260017395020e-01,2.148602716624736786e-02,1.437048660591244698e-03,-2.950258366763591766e-02,-5.149004459381103516e-01,-5.229190923273563385e-03,2.693020701408386230e-01,4.092199206352233887e-01,3.289226815104484558e-02,5.623347684741020203e-02,2.636832296848297119e-01,-8.235130459070205688e-03,1.074711084365844727e-01,8.223724365234375000e-01,1.342819929122924805e-01,1.242110952734947205e-01,8.514618128538131714e-02,-4.748131334781646729e-02,1.899242103099822998e-01,3.650013208389282227e-01,1.511830538511276245e-01,-1.799868941307067871e-01,1.210941553115844727e+00,2.676233835518360138e-02,6.105542555451393127e-02,-1.728204265236854553e-02,-2.538449764251708984e-01,-4.336435794830322266e-01,2.097884565591812134e-01,8.586930632591247559e-01,-2.407969385385513306e-01,-4.776335135102272034e-02,-1.173998042941093445e-01
2.863980531692504883e+00,6.798566877841949463e-02,7.425815463066101074e-01,9.989596009254455566e-01,4.041511937975883484e-02,-3.670633537694811821e-03,-2.080538682639598846e-02,-4.308012723922729492e-01,-6.528727710247039795e-02,2.709216177463531494e-01,4.342526197433471680e-01,-4.384236410260200500e-02,6.214568763971328735e-02,9.667507559061050415e-02,-1.071054209023714066e-02,1.499200910329818726e-01,1.123029708862304688e+00,1.916357725858688354e-01,1.699326187372207642e-01,5.950713530182838440e-02,-8.315146714448928833e-02,2.086183428764343262e-01,3.173952996730804443e-01,1.603968739509582520e-01,-2.085273563861846924e-01,1.214977025985717773e+00,3.273503854870796204e-02,7.096171379089355469e-02,-5.902794003486633301e-02,-1.924908161163330078e-01,-3.792164623737335205e-01,1.893593817949295044e-01,9.145739674568176270e-01,-2.497785091400146484e-01,-3.088541701436042786e-02,-1.084378510713577271e-01
2.917518615722656250e+00,7.104337215423583984e-02,7.558283805847167969e-01,9.984698295593261719e-01,5.094781890511512756e-02,-5.344343371689319611e-03,-2.082699351012706757e-02,-3.004084229469299316e-01,-1.162761822342872620e-01,2.685506641864776611e-01,3.481305837631225586e-01,-8.914317935705184937e-02,5.859894305467605591e-02,-7.287286967039108276e-02,1.648464798927307129e-02,2.041044235229492188e-01,1.292837381362915039e+00,5.694813281297683716e-02,1.750286519527435303e-01,3.522492572665214539e-02,-1.012293547391891479e-01,2.200436592102050781e-01,2.643843889236450195e-01,1.719265878200531006e-01,-2.067469954490661621e-01,1.177036285400390625e+00,3.543480858206748962e-02,6.106180325150489807e-02,-5.080826580524444580e-02,-1.443037986755371094e-01,-3.244991600513458252e-01,2.157709151506423950e-01,9.793684482574462891e-01,-2.598578929901123047e-01,-1.415613479912281036e-02,-7.968327403068542480e-02
2.972281217575073242e+00,7.273165136575698853e-02,7.687620520591735840e-01,9.986752867698669434e-01,4.641839116811752319e-02,-9.003897197544574738e-03,-2.029517292976379395e-02,-1.511061340570449829e-01,-1.326383948326110840e-01,2.489696890115737915e-01,2.366070300340652466e-01,-1.184751912951469421e-01,5.066907033324241638e-02,-2.278881520032882690e-01,1.102168392390012741e-02,1.930143237113952637e-01,1.325388431549072266e+00,-6.070517003536224365e-02,1.164829954504966736e-01,5.678867921233177185e-03,-8.806272596120834351e-02,2.284335792064666748e-01,2.110156863927841187e-01,1.814154684543609619e-01,-1.731663942337036133e-01,1.118921756744384766e+00,3.148501366376876831e-02,4.529009386897087097e-02,-5.736338905990123749e-03,-8.855308592319488525e-02,-2.768150269985198975e-01,2.753905355930328369e-01,1.034688711166381836e+00,-2.681066393852233887e-01,-9.836410172283649445e-03,-2.989268302917480469e-02
3.029563426971435547e+00,7.342109084129333496e-02,7.769109606742858887e-01,9.991574287414550781e-01,3.626742586493492126e-02,-1.354324351996183395e-02,-1.362797617912292480e-02,-6.857743952423334122e-03,-1.309723109006881714e-01,2.165147513151168823e-01,1.331773102283477783e-01,-1.328794807195663452e-01,5.214663594961166382e-02,-3.559280335903167725e-01,-3.345362469553947449e-02,1.233529224991798401e-01,1.252865791320800781e+00,-1.567912399768829346e-01,3.543796390295028687e-02,-2.981544472277164459e-02,-6.589664518833160400e-02,2.344447672367095947e-01,1.580827385187149048e-01,1.946339160203933716e-01,-1.250854730606079102e-01,1.046100378036499023e+00,2.614722587168216705e-02,3.180497512221336365e-02,3.926829993724822998e-02,-2.191719040274620056e-02,-2.364953905344009399e-01,3.374241888523101807e-01,1.069707870483398438e+00,-2.910705208778381348e-01,-1.468263939023017883e-02,2.093321643769741058e-02
3.086585760116577148e+00,7.442390918731689453e-02,7.779287695884704590e-01,9.994617104530334473e-01,2.894292213022708893e-02,-1.539174187928438187e-02,-1.343762851320207119e-03,9.115857630968093872e-02,-1.234746202826499939e-01,1.813832968473434448e-01,1.108971908688545227e-01,-1.782528907060623169e-01,6.483478099107742310e-02,-4.533844590187072754e-01,-8.592503517866134644e-02,4.071420058608055115e-02,1.101363778114318848e+00,-1.977385431528091431e-01,-2.381136827170848846e-02,-7.048708200454711914e-02,-5.375413224101066589e-02,2.357372045516967773e-01,1.025701612234115601e-01,2.201814502477645874e-01,-8.091203868389129639e-02,9.588181972503662109e-01,3.103681840002536774e-02,2.423689886927604675e-02,7.193240523338317871e-02,4.875687137246131897e-02,-2.032267302274703979e-01,3.736046552658081055e-01,1.087512016296386719e+00,-3.017608225345611572e-01,-2.553872764110565186e-02,4.952608421444892883e-02
3.142884492874145508e+00,7.523099333047866821e-02,7.722790837287902832e-01,9.993019700050354004e-01,3.035281412303447723e-02,-1.641508191823959351e-02,1.431098766624927521e-02,1.754791140556335449e-01,-1.275524049997329712e-01,1.503004133701324463e-01,1.105106174945831299e-01,-2.329230606555938721e-01,8.049820363521575928e-02,-5.135366320610046387e-01,-1.286098062992095947e-01,-2.181972190737724304e-02,8.788774609565734863e-01,-1.866507381200790405e-01,-3.721668198704719543e-02,-1.113953292369842529e-01,-6.268075853586196899e-02,2.342209070920944214e-01,4.123803600668907166e-02,2.609954774379730225e-01,-5.226395279169082642e-02,8.683534860610961914e-01,4.631884396076202393e-02,2.038976550102233887e-02,9.745246171951293945e-02,1.176780313253402710e-01,-1.768091320991516113e-01,3.896734714508056641e-01,1.098713397979736328e+00,-2.881655395030975342e-01,-3.624466806650161743e-02,4.974664747714996338e-02
3.198326587677001953e+00,7.492218166589736938e-02,7.618168592453002930e-01,9.984718561172485352e-01,3.941601887345314026e-02,-1.829487644135951996e-02,3.414020687341690063e-02,2.630386948585510254e-01,-1.414574831724166870e-01,1.184543669223785400e-01,1.140226647257804871e-01,-2.842244207859039307e-01,8.464452624320983887e-02,-5.311530828475952148e-01,-1.591768711805343628e-01,-4.517542943358421326e-02,5.894569158554077148e-01,-1.405382305383682251e-01,-7.962400093674659729e-03,-1.494271606206893921e-01,-8.916825056076049805e-02,2.287921905517578125e-01,-2.579460851848125458e-02,3.068909645080566406e-01,-4.320040717720985413e-02,7.867469787597656250e-01,6.769807636737823486e-02,1.082224585115909576e-02,1.173744872212409973e-01,1.854490488767623901e-01,-1.514566689729690552e-01,3.949583768844604492e-01,1.110674381256103516e+00,-2.649215459823608398e-01,-4.326833412051200867e-02,4.316616803407669067e-02
3.257577419281005859e+00,7.430004328489303589e-02,7.499184012413024902e-01,9.967771172523498535e-01,5.094834789633750916e-02,-2.170406654477119446e-02,5.803944915533065796e-02,3.577857017517089844e-01,-1.499106436967849731e-01,8.112330734729766846e-02,1.182410269975662231e-01,-3.195086419582366943e-01,7.370784133672714233e-02,-5.107124447822570801e-01,-1.890037208795547485e-01,-5.281300097703933716e-02,2.783563435077667236e-01,-7.155887037515640259e-02,4.641227424144744873e-02,-1.859074085950851440e-01,-1.224968358874320984e-01,2.160523682832717896e-01,-9.360879659652709961e-02,3.500985503196716309e-01,-4.141122847795486450e-02,7.207251787185668945e-01,8.131462335586547852e-02,7.727036718279123306e-03,1.331737786531448364e-01,2.502786815166473389e-01,-1.224795207381248474e-01,4.010171592235565186e-01,1.130862236022949219e+00,-2.337484061717987061e-01,-4.186251387000083923e-02,4.207058250904083252e-02
3.319919824600219727e+00,7.357137650251388550e-02,7.382325530052185059e-01,9.947143793106079102e-01,5.956829711794853210e-02,-2.497121132910251617e-02,7.982081919908523560e-02,4.501213729381561279e-01,-1.409091353416442871e-01,4.893827438354492188e-02,1.207804679870605469e-01,-3.160306811332702637e-01,4.786114767193794250e-02,-5.150657892227172852e-01,-2.109985351562500000e-01,-4.046330600976943970e-02,1.331460773944854736e-01,-6.629057228565216064e-02,8.691110461950302124e-02,-2.204558849334716797e-01,-1.487175524234771729e-01,1.996084302663803101e-01,-1.391018927097320557e-01,3.762816786766052246e-01,-2.710522525012493134e-02,6.626303791999816895e-01,9.468393772840499878e-02,4.473076201975345612e-03,1.517891436815261841e-01,2.966697812080383301e-01,-9.664787352085113525e-02,4.119465649127960205e-01,1.157419443130493164e+00,-2.060638070106506348e-01,-3.486863151192665100e-02,4.909428954124450684e-02
3.381216764450073242e+00,7.235513627529144287e-02,7.308092713356018066e-01,9.947512745857238770e-01,5.836365744471549988e-02,-2.153130061924457550e-02,8.124051988124847412e-02,5.045486688613891602e-01,-1.177912801504135132e-01,5.113122984766960144e-02,1.641384363174438477e-01,-2.633993923664093018e-01,2.010607533156871796e-02,-5.092051625251770020e-01,-1.855225414037704468e-01,-3.514248877763748169e-02,1.218532696366310120e-01,-6.357041001319885254e-02,1.363418251276016235e-01,-2.218156158924102783e-01,-1.499845534563064575e-01,1.745914816856384277e-01,-1.471847444772720337e-01,3.872909545898437500e-01,-1.569175976328551769e-03,6.028532385826110840e-01,8.820232003927230835e-02,1.783245010301470757e-03,1.534919738769531250e-01,3.180110752582550049e-01,-8.033777028322219849e-02,4.318303465843200684e-01,1.188772320747375488e+00,-2.013480961322784424e-01,-3.268698602914810181e-02,5.805422738194465637e-02
3.441468000411987305e+00,6.939932703971862793e-02,7.309608459472656250e-01,9.972392916679382324e-01,3.208590298891067505e-02,-1.288013882003724575e-03,6.695270538330078125e-02,4.188870787620544434e-01,-5.119994655251502991e-02,7.597437500953674316e-02,4.075621664524078369e-01,-2.044062167406082153e-01,-8.169411681592464447e-03,-5.328143239021301270e-01,-8.733339607715606689e-02,-3.001276403665542603e-02,2.091595679521560669e-01,5.170379951596260071e-02,1.130166873335838318e-01,-1.957113593816757202e-01,-9.333036839962005615e-02,1.310539692640304565e-01,-1.214142143726348877e-01,3.915446400642395020e-01,2.602183260023593903e-02,5.534874200820922852e-01,6.245485693216323853e-02,-2.666729735210537910e-03,1.525595039129257202e-01,3.130443990230560303e-01,-7.035437971353530884e-02,4.490554034709930420e-01,1.214022159576416016e+00,-2.046053707599639893e-01,-2.603824995458126068e-02,6.528760492801666260e-02
3.502462863922119141e+00,6.676600873470306396e-02,7.343828082084655762e-01,9.986148476600646973e-01,3.614393295720219612e-03,5.530964583158493042e-03,5.219925567507743835e-02,2.965577840805053711e-01,3.210885450243949890e-02,8.263454586267471313e-02,7.333748936653137207e-01,-2.106644026935100555e-02,-4.555357992649078369e-02,-5.687606334686279297e-01,1.534563489258289337e-04,-2.367435768246650696e-02,3.984874486923217773e-01,9.212340414524078369e-02,5.587601289153099060e-02,-1.748289167881011963e-01,-3.436098620295524597e-02,1.221165955066680908e-01,-7.296598702669143677e-02,3.808486461639404297e-01,6.241141259670257568e-02,5.394834280014038086e-01,5.816946178674697876e-02,-1.286018826067447662e-02,1.601615846157073975e-01,2.879290282726287842e-01,-7.429046928882598877e-02,4.541505575180053711e-01,1.230358123779296875e+00,-2.035674601793289185e-01,-2.178484015166759491e-02,7.301944494247436523e-02
3.561754703521728516e+00,6.495380401611328125e-02,7.406191229820251465e-01,9.990128874778747559e-01,-1.836625300347805023e-02,-2.049542497843503952e-03,4.039356857538223267e-02,1.547808051109313965e-01,1.050069406628608704e-01,6.402611732482910156e-02,1.057575941085815430e+00,1.605698466300964355e-01,-5.668606236577033997e-02,-5.005858540534973145e-01,6.235344335436820984e-02,-3.873156011104583740e-02,4.691388010978698730e-01,1.129677053540945053e-02,1.910599879920482635e-02,-1.535856276750564575e-01,8.024135604500770569e-03,1.507694274187088013e-01,-3.397831320762634277e-02,3.605467677116394043e-01,6.988801807165145874e-02,5.872853994369506836e-01,5.100900307297706604e-02,-3.055187407881021500e-03,1.608821004629135132e-01,2.384505718946456909e-01,-9.148372709751129150e-02,4.607115983963012695e-01,1.230610609054565430e+00,-1.850748360157012939e-01,-2.715493179857730865e-02,6.442382186651229858e-02
3.619361162185668945e+00,6.417429447174072266e-02,7.508250474929809570e-01,9.986773133277893066e-01,-3.400045633316040039e-02,-7.262946106493473053e-03,3.787910193204879761e-02,2.186172874644398689e-03,8.857441693544387817e-02,-3.053285554051399231e-02,1.251469016075134277e+00,7.601290941238403320e-02,-9.561799466609954834e-02,-3.918321430683135986e-01,1.036652326583862305e-01,-5.850964412093162537e-02,4.447572231292724609e-01,-6.497566401958465576e-02,-1.599449664354324341e-02,-1.356869041919708252e-01,3.524292632937431335e-02,1.761045753955841064e-01,-1.243026927113533020e-03,3.429760634899139404e-01,4.054685309529304504e-02,6.577410101890563965e-01,6.088134273886680603e-02,1.654464565217494965e-02,1.323683261871337891e-01,1.645167320966720581e-01,-1.152616292238235474e-01,4.600831866264343262e-01,1.223123311996459961e+00,-1.691077500581741333e-01,-3.366402536630630493e-02,4.302353411912918091e-02
3.678822278976440430e+00,6.518298387527465820e-02,7.637618184089660645e-01,9.984657764434814453e-01,-3.761678189039230347e-02,-1.339746546000242233e-02,3.836008906364440918e-02,-1.437346786260604858e-01,6.947308778762817383e-02,-7.247451692819595337e-02,1.314571261405944824e+00,-3.668035566806793213e-02,-8.441580086946487427e-02,-2.465006560087203979e-01,1.224946156144142151e-01,-5.427531152963638306e-02,3.547709584236145020e-01,-1.082664281129837036e-01,-3.175085037946701050e-02,-1.135917007923126221e-01,3.920347243547439575e-02,1.982125639915466309e-01,3.216111287474632263e-02,3.286550641059875488e-01,-1.330672390758991241e-02,7.365704178810119629e-01,9.233646094799041748e-02,3.451113402843475342e-02,9.386964142322540283e-02,8.645590394735336304e-02,-1.422364264726638794e-01,4.448853731155395508e-01,1.203144550323486328e+00,-1.473647505044937134e-01,-3.817363455891609192e-02,7.579252589493989944e-03
3.737268924713134766e+00,6.739648431539535522e-02,7.743257284164428711e-01,9.986405372619628906e-01,-3.178242966532707214e-02,-2.045906707644462585e-02,3.589274361729621887e-02,-2.686828076839447021e-01,9.039801359176635742e-02,-3.157511353492736816e-02,1.268167257308959961e+00,-1.277094036340713501e-01,-1.959428749978542328e-02,-8.608811348676681519e-02,1.207718253135681152e-01,-3.385911136865615845e-02,2.401255667209625244e-01,-1.357100307941436768e-01,-4.189775884151458740e-02,-8.377175778150558472e-02,2.624878473579883575e-02,2.162720859050750732e-01,8.067668974399566650e-02,3.162040412425994873e-01,-7.446742057800292969e-02,8.006638288497924805e-01,1.343180835247039795e-01,4.898122325539588928e-02,6.607852131128311157e-02,1.345246378332376480e-02,-1.742827147245407104e-01,4.109984636306762695e-01,1.161929607391357422e+00,-1.105916723608970642e-01,-4.313060268759727478e-02,-1.962212100625038147e-02
3.793325901031494141e+00,7.008654624223709106e-02,7.789890170097351074e-01,9.991027116775512695e-01,-2.298620902001857758e-02,-2.379693649709224701e-02,2.643963508307933807e-02,-3.621321618556976318e-01,1.208768188953399658e-01,5.272651836276054382e-02,1.132294297218322754e+00,-1.814079731702804565e-01,4.339497908949851990e-02,4.133676737546920776e-02,1.082322001457214355e-01,-7.433893624693155289e-03,1.641967147588729858e-01,-1.677179187536239624e-01,-5.176390707492828369e-02,-4.679502174258232117e-02,9.527369402348995209e-03,2.249326705932617188e-01,1.467392146587371826e-01,2.996916472911834717e-01,-1.145334765315055847e-01,8.334895372390747070e-01,1.517594903707504272e-01,4.950625449419021606e-02,5.658969655632972717e-02,-5.451073870062828064e-02,-2.098207175731658936e-01,3.637346029281616211e-01,1.098345518112182617e+00,-7.797867059707641602e-02,-5.229255557060241699e-02,-3.783186525106430054e-02
3.847419738769531250e+00,7.397849112749099731e-02,7.770945429801940918e-01,9.994675517082214355e-01,-2.030952833592891693e-02,-2.348193898797035217e-02,1.004198472946882248e-02,-4.302294552326202393e-01,1.616438031196594238e-01,1.470432430505752563e-01,9.368185400962829590e-01,-1.940362453460693359e-01,7.443710416555404663e-02,1.319198310375213623e-01,1.042431443929672241e-01,2.036295272409915924e-02,1.404620260000228882e-01,-2.119886577129364014e-01,-5.936011672019958496e-02,-5.510127171874046326e-03,7.062163203954696655e-03,2.257366478443145752e-01,2.265415042638778687e-01,2.774842679500579834e-01,-1.324540078639984131e-01,8.468916416168212891e-01,1.355957835912704468e-01,3.555296733975410461e-02,6.281880289316177368e-02,-1.196786314249038696e-01,-2.512100636959075928e-01,3.139247596263885498e-01,1.022524595260620117e+00,-5.559324100613594055e-02,-6.432291865348815918e-02,-5.495857819914817810e-02
3.900778293609619141e+00,7.741732895374298096e-02,7.698495388031005859e-01,9.993550777435302734e-01,-2.579546160995960236e-02,-2.226698398590087891e-02,-1.132352277636528015e-02,-4.680262207984924316e-01,2.064668089151382446e-01,2.413300573825836182e-01,6.815718412399291992e-01,-1.781197786331176758e-01,7.034152001142501831e-02,2.125862985849380493e-01,1.121768355369567871e-01,5.009122937917709351e-02,1.334007233381271362e-01,-2.593344151973724365e-01,-6.229962036013603210e-02,3.371041268110275269e-02,2.223506197333335876e-02,2.217942029237747192e-01,3.097514510154724121e-01,2.500689625740051270e-01,-1.377411186695098877e-01,8.625240921974182129e-01,1.035813242197036743e-01,2.021032571792602539e-02,7.316435128450393677e-02,-1.866195201873779297e-01,-2.990930974483489990e-01,2.716441154479980469e-01,9.428600072860717773e-01,-4.471515864133834839e-02,-7.373433560132980347e-02,-7.773601263761520386e-02
3.955662012100219727e+00,7.975282520055770874e-02,7.585806250572204590e-01,9.984560608863830566e-01,-3.800389543175697327e-02,-2.305303141474723816e-02,-3.331260383129119873e-02,-4.596653878688812256e-01,2.325369566679000854e-01,3.193114995956420898e-01,3.689073324203491211e-01,-1.391671299934387207e-01,2.971245348453521729e-02,3.000974357128143311e-01,1.262695640325546265e-01,8.465541154146194458e-02,1.283689588308334351e-01,-2.991473674774169922e-01,-6.732129305601119995e-02,6.901603192090988159e-02,5.259836092591285706e-02,2.153503149747848511e-01,3.853676915168762207e-01,2.174666374921798706e-01,-1.386623382568359375e-01,8.966726064682006836e-01,6.483351439237594604e-02,1.246771123260259628e-02,8.542608469724655151e-02,-2.456715106964111328e-01,-3.460057377815246582e-01,2.474659532308578491e-01,8.638022541999816895e-01,-4.365021362900733948e-02,-7.545582205057144165e-02,-1.027653887867927551e-01
4.014833927154541016e+00,8.242508023977279663e-02,7.459873557090759277e-01,9.967877864837646484e-01,-5.297544971108436584e-02,-2.573066577315330505e-02,-5.427335947751998901e-02,-4.472667872905731201e-01,2.459260374307632446e-01,3.340777158737182617e-01,1.275447756052017212e-01,-1.057215183973312378e-01,-3.989695757627487183e-02,3.886702656745910645e-01,1.347043812274932861e-01,1.207292750477790833e-01,1.241985931992530823e-01,-3.128569424152374268e-01,-6.721309572458267212e-02,9.978078305721282959e-02,8.953542262315750122e-02,2.072571814060211182e-01,4.431720077991485596e-01,1.855384409427642822e-01,-1.350423097610473633e-01,9.438780546188354492e-01,3.192695975303649902e-02,1.336197275668382645e-02,9.079257398843765259e-02,-2.884674370288848877e-01,-3.870962858200073242e-01,2.312625497579574585e-01,7.919493317604064941e-01,-5.919908359646797180e-02,-7.013983279466629028e-02,-1.233360022306442261e-01
4.076253414154052734e+00,8.677773177623748779e-02,7.357022762298583984e-01,9.957112073898315430e-01,-6.002517789602279663e-02,-2.673632092773914337e-02,-6.512626260519027710e-02,-4.757223427295684814e-01,2.489159405231475830e-01,2.941966652870178223e-01,1.110374629497528076e-01,-1.262521296739578247e-01,-7.888114452362060547e-02,4.635932147502899170e-01,1.235411018133163452e-01,1.356622427701950073e-01,1.531431972980499268e-01,-2.825429737567901611e-01,-6.218900531530380249e-02,1.085931882262229919e-01,1.086783260107040405e-01,1.951828151941299438e-01,4.881076216697692871e-01,1.574785113334655762e-01,-1.241511479020118713e-01,9.995685219764709473e-01,2.588670235127210617e-03,1.954650878906250000e-02,8.705283701419830322e-02,-2.964013814926147461e-01,-4.162953495979309082e-01,2.111609727144241333e-01,7.255318760871887207e-01,-6.853727996349334717e-02,-6.786147505044937134e-02,-1.328128725290298462e-01
4.140279293060302734e+00,9.235753864049911499e-02,7.307474017143249512e-01,9.973827004432678223e-01,-3.767219185829162598e-02,-1.805076375603675842e-02,-5.901464447379112244e-02,-4.684007763862609863e-01,1.664930284023284912e-01,2.767189741134643555e-01,1.426848471164703369e-01,-7.405750453472137451e-02,-4.248137027025222778e-02,4.271633923053741455e-01,7.422213256359100342e-02,1.134032011032104492e-01,3.707164824008941650e-01,-2.414656877517700195e-01,-3.362276777625083923e-02,1.006043180823326111e-01,6.152586638927459717e-02,1.675774157047271729e-01,5.051222443580627441e-01,1.361752450466156006e-01,-1.058732569217681885e-01,1.070181846618652344e+00,-2.026185020804405212e-02,2.958164922893047333e-02,8.540164679288864136e-02,-2.615294754505157471e-01,-4.272234439849853516e-01,1.824800223112106323e-01,6.580865383148193359e-01,-8.669628202915191650e-02,-6.799346208572387695e-02,-1.311643868684768677e-01
4.203992366790771484e+00,9.742029756307601929e-02,7.315322160720825195e-01,9.988173246383666992e-01,-2.809048397466540337e-03,-4.439615644514560699e-03,-4.833578690886497498e-02,-5.178576707839965820e-01,7.039475440979003906e-02,2.443222403526306152e-01,3.100492060184478760e-01,5.740630440413951874e-03,1.498253829777240753e-02,3.055202066898345947e-01,4.445777274668216705e-03,9.170738607645034790e-02,6.869635581970214844e-01,-8.850575983524322510e-02,4.163135774433612823e-03,8.660717308521270752e-02,-1.409606635570526123e-02,1.371958702802658081e-01,5.007025003433227539e-01,1.221620664000511169e-01,-9.888800233602523804e-02,1.133349061012268066e+00,-1.748877763748168945e-02,4.139811918139457703e-02,6.381451338529586792e-02,-2.024631351232528687e-01,-4.187898337841033936e-01,1.544359475374221802e-01,6.093305945396423340e-01,-1.037838011980056763e-01,-7.044138014316558838e-02,-1.243246942758560181e-01
4.264250755310058594e+00,1.021222919225692749e-01,7.345928549766540527e-01,9.990831017494201660e-01,1.922558993101119995e-02,-9.279955178499221802e-03,-3.711040318012237549e-02,-4.908497929573059082e-01,1.494324766099452972e-02,2.328511774539947510e-01,4.404342770576477051e-01,1.359955128282308578e-02,9.950145147740840912e-03,1.949464827775955200e-01,-4.711134359240531921e-02,7.441502809524536133e-02,9.777626991271972656e-01,1.272918581962585449e-01,6.385379284620285034e-02,6.689484417438507080e-02,-6.338857859373092651e-02,1.446782052516937256e-01,4.686415493488311768e-01,1.257892549037933350e-01,-1.099236905574798584e-01,1.181954622268676758e+00,-3.314038272947072983e-03,5.481313541531562805e-02,2.745660394430160522e-02,-1.379046887159347534e-01,-3.847653567790985107e-01,1.319857239723205566e-01,6.031284332275390625e-01,-1.096506267786026001e-01,-7.387726008892059326e-02,-1.155102699995040894e-01
4.320308685302734375e+00,1.068709120154380798e-01,7.399797439575195312e-01,9.984632134437561035e-01,4.425463452935218811e-02,-1.445550378412008286e-02,-3.006150573492050171e-02,-4.189146757125854492e-01,-5.657943710684776306e-02,2.442807704210281372e-01,4.877811670303344727e-01,-7.554614543914794922e-02,2.440248802304267883e-02,4.204716160893440247e-02,-1.130783855915069580e-01,7.880850136280059814e-02,1.241075396537780762e+00,1.072571277618408203e-01,8.836212009191513062e-02,4.336228594183921814e-02,-1.145133525133132935e-01,1.644759327173233032e-01,4.136102795600891113e-01,1.407039016485214233e-01,-1.476409286260604858e-01,1.206656932830810547e+00,2.240020409226417542e-02,6.526176631450653076e-02,-1.254784222692251205e-02,-9.416608512401580811e-02,-3.405399918556213379e-01,1.280953139066696167e-01,6.550930738449096680e-01,-1.382798403501510620e-01,-6.916453689336776733e-02,-1.060064062476158142e-01
4.373569965362548828e+00,1.110776290297508240e-01,7.509559392929077148e-01,9.976486563682556152e-01,5.887079983949661255e-02,-1.776692643761634827e-02,-3.026151098310947418e-02,-2.920802235603332520e-01,-1.154290363192558289e-01,2.458814829587936401e-01,4.154769182205200195e-01,-1.247264817357063293e-01,3.229449316859245300e-02,-1.214401647448539734e-01,-1.254002004861831665e-01,1.189322695136070251e-01,1.388743519783020020e+00,-2.143261954188346863e-02,8.206275105476379395e-02,1.943784393370151520e-02,-1.420553922653198242e-01,1.813090443611145020e-01,3.472415506839752197e-01,1.590608954429626465e-01,-1.707666963338851929e-01,1.194098830223083496e+00,5.229967460036277771e-02,5.910336598753929138e-02,-2.035333774983882904e-02,-6.465020030736923218e-02,-2.909013628959655762e-01,1.464715301990509033e-01,7.508895993232727051e-01,-1.647995263338088989e-01,-5.391639843583106995e-02,-9.757899492979049683e-02
4.426230430603027344e+00,1.134170517325401306e-01,7.628583908081054688e-01,9.974353313446044922e-01,6.014415621757507324e-02,-2.419156022369861603e-02,-3.033536486327648163e-02,-1.317796111106872559e-01,-1.498819291591644287e-01,2.274936586618423462e-01,2.900425493717193604e-01,-1.448256224393844604e-01,3.643587976694107056e-02,-2.592476308345794678e-01,-1.021269783377647400e-01,1.398338526487350464e-01,1.406554341316223145e+00,-1.189599186182022095e-01,6.848189234733581543e-02,-7.649873849004507065e-03,-1.416088342666625977e-01,1.966268867254257202e-01,2.823932766914367676e-01,1.760299950838088989e-01,-1.588697433471679688e-01,1.155419945716857910e+00,6.376692652702331543e-02,4.598172008991241455e-02,4.909481853246688843e-03,-3.355596587061882019e-02,-2.437787801027297974e-01,1.816107481718063354e-01,8.668535351753234863e-01,-1.732798069715499878e-01,-3.646793588995933533e-02,-8.262697607278823853e-02
4.479439735412597656e+00,1.140813529491424561e-01,7.719197273254394531e-01,9.980773329734802246e-01,4.876992478966712952e-02,-2.947390265762805939e-02,-2.438029646873474121e-02,2.525203302502632141e-02,-1.514645218849182129e-01,1.866300702095031738e-01,1.631407588720321655e-01,-1.475202888250350952e-01,4.199711233377456665e-02,-3.603245317935943604e-01,-8.462790399789810181e-02,1.041830480098724365e-01,1.303207993507385254e+00,-1.794298738241195679e-01,4.316375032067298889e-02,-3.743436187505722046e-02,-1.160725280642509460e-01,2.041877806186676025e-01,2.222577929496765137e-01,1.941442787647247314e-01,-1.152214556932449341e-01,1.100897908210754395e+00,4.736502468585968018e-02,2.971467562019824982e-02,3.686285763978958130e-02,9.655464440584182739e-03,-2.027727067470550537e-01,2.268414944410324097e-01,9.754406809806823730e-01,-1.827254295349121094e-01,-2.321041747927665710e-02,-4.867864400148391724e-02
4.535976409912109375e+00,1.150651499629020691e-01,7.752948403358459473e-01,9.988571405410766602e-01,3.536264225840568542e-02,-2.937561459839344025e-02,-1.307788677513599396e-02,1.282166540622711182e-01,-1.358433514833450317e-01,1.471164226531982422e-01,1.157292425632476807e-01,-1.764015257358551025e-01,5.242224410176277161e-02,-4.352343678474426270e-01,-9.177179634571075439e-02,3.319220617413520813e-02,1.112309455871582031e+00,-1.963318288326263428e-01,1.390462461858987808e-02,-6.934935599565505981e-02,-8.794753998517990112e-02,2.024609595537185669e-01,1.611590236425399780e-01,2.169389277696609497e-01,-6.435434520244598389e-02,1.035468101501464844e+00,2.675498463213443756e-02,1.588911190629005432e-02,6.308493763208389282e-02,6.149309128522872925e-02,-1.734221577644348145e-01,2.803116738796234131e-01,1.057802796363830566e+00,-2.054787725210189819e-01,-1.691643521189689636e-02,-3.868801519274711609e-03
4.593076705932617188e+00,1.166107952594757080e-01,7.723346948623657227e-01,9.990929365158081055e-01,3.249855712056159973e-02,-2.735275775194168091e-02,3.000313881784677505e-03,2.042529582977294922e-01,-1.337717920541763306e-01,1.142726540565490723e-01,1.119887903332710266e-01,-2.193175852298736572e-01,7.271856069564819336e-02,-4.787119626998901367e-01,-1.182864904403686523e-01,-3.667724877595901489e-02,8.548296093940734863e-01,-1.691599786281585693e-01,8.229827508330345154e-03,-1.027155518531799316e-01,-8.362114429473876953e-02,1.955126971006393433e-01,9.376446157693862915e-02,2.497581094503402710e-01,-1.717819646000862122e-02,9.619052410125732422e-01,4.368229769170284271e-03,3.571145702153444290e-03,8.496560156345367432e-02,1.202936396002769470e-01,-1.542498767375946045e-01,3.413825333118438721e-01,1.106248974800109863e+00,-2.346889227628707886e-01,-1.370355300605297089e-02,2.833233214914798737e-02
4.648950099945068359e+00,1.176691278815269470e-01,7.638908624649047852e-01,9.985973238945007324e-01,3.927006945013999939e-02,-2.705993875861167908e-02,2.299859374761581421e-02,2.845934629440307617e-01,-1.458420753479003906e-01,8.192474395036697388e-02,1.172926723957061768e-01,-2.575125098228454590e-01,8.570248633623123169e-02,-4.727255403995513916e-01,-1.438836902379989624e-01,-7.668601721525192261e-02,5.182658433914184570e-01,-1.058225110173225403e-01,3.172192350029945374e-02,-1.353423893451690674e-01,-9.892351925373077393e-02,1.860646307468414307e-01,2.323155850172042847e-02,2.858351469039916992e-01,1.052205450832843781e-02,8.880487084388732910e-01,-1.668035238981246948e-02,-2.140436694025993347e-02,1.073400229215621948e-01,1.843497604131698608e-01,-1.400902867317199707e-01,3.994314074516296387e-01,1.126574754714965820e+00,-2.667922675609588623e-01,-1.484876219183206558e-02,5.245463177561759949e-02
4.703869342803955078e+00,1.190924197435379028e-01,7.518697977066040039e-01,9.970135688781738281e-01,5.480071902275085449e-02,-2.841543406248092651e-02,4.640506207942962646e-02,3.721981048583984375e-01,-1.681471467018127441e-01,4.642741009593009949e-02,1.235155537724494934e-01,-2.812313735485076904e-01,8.340821415185928345e-02,-4.344926774501800537e-01,-1.725463867187500000e-01,-8.164244890213012695e-02,1.512575745582580566e-01,-2.656389214098453522e-02,1.091753914952278137e-01,-1.687019318342208862e-01,-1.313650012016296387e-01,1.671119779348373413e-01,-4.905388876795768738e-02,3.229972720146179199e-01,1.689998805522918701e-02,8.206668496131896973e-01,-2.486887387931346893e-02,-3.849513828754425049e-02,1.301259696483612061e-01,2.502180635929107666e-01,-1.239496171474456787e-01,4.462414085865020752e-01,1.136797308921813965e+00,-2.775421142578125000e-01,-1.335399039089679718e-02,6.742431223392486572e-02
4.761594772338867188e+00,1.209699586033821106e-01,7.389861345291137695e-01,9.953773617744445801e-01,6.445082277059555054e-02,-3.126125782728195190e-02,6.397327035665512085e-02,4.586997926235198975e-01,-1.653498560190200806e-01,2.453559078276157379e-02,1.344217658042907715e-01,-2.848343253135681152e-01,6.397790461778640747e-02,-4.882855713367462158e-01,-1.920456886291503906e-01,-4.050370305776596069e-02,1.164098456501960754e-01,-9.001906961202621460e-02,1.291954666376113892e-01,-1.977529227733612061e-01,-1.515419036149978638e-01,1.531192362308502197e-01,-9.779779613018035889e-02,3.515178561210632324e-01,2.479538135230541229e-02,7.683627605438232422e-01,-3.538985503837466240e-03,-5.531854555010795593e-02,1.566557288169860840e-01,2.923998832702636719e-01,-1.099176034331321716e-01,4.748392701148986816e-01,1.155474424362182617e+00,-2.738608419895172119e-01,-1.004948094487190247e-02,7.618432492017745972e-02
4.816801548004150391e+00,1.208548992872238159e-01,7.286775708198547363e-01,9.956542253494262695e-01,6.350640207529067993e-02,-3.039573319256305695e-02,6.095734238624572754e-02,4.912878572940826416e-01,-1.509647071361541748e-01,3.751076757907867432e-02,2.418937981128692627e-01,-2.722033858299255371e-01,4.372906312346458435e-02,-4.824589192867279053e-01,-1.580518484115600586e-01,-1.402951683849096298e-02,1.263745129108428955e-01,-6.094601377844810486e-02,1.920329630374908447e-01,-1.946765780448913574e-01,-1.494337767362594604e-01,1.400042176246643066e-01,-1.193624213337898254e-01,3.772187232971191406e-01,2.869893796741962433e-02,7.322978377342224121e-01,1.322063151746988297e-02,-5.612047761678695679e-02,1.677764505147933960e-01,3.056928813457489014e-01,-1.005921363830566406e-01,4.968546926975250244e-01,1.185175657272338867e+00,-2.869704365730285645e-01,-5.017765797674655914e-03,7.326542586088180542e-02
4.871538162231445312e+00,1.187552288174629211e-01,7.278343439102172852e-01,9.982257485389709473e-01,3.034665808081626892e-02,-1.081417314708232880e-02,5.007509514689445496e-02,3.768516182899475098e-01,-7.654324173927307129e-02,5.404181778430938721e-02,5.446573495864868164e-01,-2.373460084199905396e-01,1.075475383549928665e-02,-5.280329585075378418e-01,-5.222715809941291809e-02,-5.601278040558099747e-03,2.469324022531509399e-01,9.443938732147216797e-02,1.405878514051437378e-01,-1.785670965909957886e-01,-7.691899687051773071e-02,1.069995164871215820e-01,-1.174725368618965149e-01,3.938291072845458984e-01,3.804362565279006958e-02,7.114068865776062012e-01,1.907859370112419128e-02,-5.646251142024993896e-02,1.712639629840850830e-01,2.905338108539581299e-01,-9.528449177742004395e-02,5.069397091865539551e-01,1.205977201461791992e+00,-2.965835332870483398e-01,9.134894236922264099e-03,8.194044232368469238e-02
4.929000854492187500e+00,1.176327988505363464e-01,7.292926907539367676e-01,9.989545941352844238e-01,1.284089637920260429e-03,-1.003390830010175705e-02,4.457925260066986084e-02,2.691480219364166260e-01,-2.370202215388417244e-03,4.157161340117454529e-02,8.497692942619323730e-01,-3.797885775566101074e-02,-6.170841306447982788e-02,-5.531629920005798340e-01,2.021101303398609161e-02,-1.995452120900154114e-02,4.358493685722351074e-01,1.139355748891830444e-01,9.015626460313796997e-02,-1.743741184473037720e-01,-1.940147206187248230e-02,1.084851175546646118e-01,-9.377332776784896851e-02,3.926842808723449707e-01,5.828817933797836304e-02,7.124636173248291016e-01,3.186377510428428650e-02,-5.801909044384956360e-02,1.849526613950729370e-01,2.659747898578643799e-01,-9.805104881525039673e-02,5.068704485893249512e-01,1.213243603706359863e+00,-2.903989255428314209e-01,1.685771718621253967e-02,9.230649471282958984e-02
4.985066890716552734e+00,1.171500235795974731e-01,7.323081493377685547e-01,9.986939430236816406e-01,-1.550333667546510696e-02,-2.255738526582717896e-02,4.314208403229713440e-02,1.548350155353546143e-01,3.842554241418838501e-02,1.097191963344812393e-02,1.124364137649536133e+00,1.601746380329132080e-01,-1.318526566028594971e-01,-5.110319852828979492e-01,5.475640669465065002e-02,-5.320996046066284180e-02,5.766210556030273438e-01,-2.587200142443180084e-02,3.582100197672843933e-02,-1.683059930801391602e-01,7.595547009259462357e-03,1.418283432722091675e-01,-6.684525310993194580e-02,3.744456768035888672e-01,5.781672894954681396e-02,7.393248081207275391e-01,3.438658639788627625e-02,-5.172252282500267029e-02,1.860935539007186890e-01,2.214062660932540894e-01,-1.108657568693161011e-01,5.106776356697082520e-01,1.203626155853271484e+00,-2.851573526859283447e-01,1.059184409677982330e-02,9.906957298517227173e-02
5.038993358612060547e+00,1.173950806260108948e-01,7.410603165626525879e-01,9.981722235679626465e-01,-2.637455053627490997e-02,-3.207846358418464661e-02,4.390408843755722046e-02,3.237478435039520264e-02,5.285583063960075378e-02,-3.339450433850288391e-02,1.311433553695678711e+00,1.372072547674179077e-01,-1.554372310638427734e-01,-4.157517552375793457e-01,8.189546316862106323e-02,-7.731872797012329102e-02,5.870042443275451660e-01,-1.182888522744178772e-01,9.243974462151527405e-03,-1.561087518930435181e-01,2.444392256438732147e-02,1.630675196647644043e-01,-2.721497602760791779e-02,3.475210070610046387e-01,4.817962273955345154e-02,7.517060041427612305e-01,2.939555794000625610e-02,-3.827529773116111755e-02,1.759638190269470215e-01,1.588935703039169312e-01,-1.284011006355285645e-01,4.963293969631195068e-01,1.181430935859680176e+00,-2.892636358737945557e-01,5.222686566412448883e-03,9.398379921913146973e-02
